﻿Name,Parent Name
Section Maintenance,Division Technique
Section Informatique,Division Technique
Section Archivage,Division Technique
Section Drones,Division Technique
Section CPI,Division Technique
Section Acquisition,Division Production Audiovisuelle
Section Realisation et Post-production,Division Production Audiovisuelle
Section Moyens de Production,Division Production Audiovisuelle
Section Revue,Division Presse et Revue
Section Veille et Analayse,Division Presse et Revue
Section Événementiel,Division Presse et Revue
Section Presse,Division Presse et Revue
Division Technique,SCCOM
Division Production Audiovisuelle,SCCOM
Division Presse et Revue,SCCOM
Secretariat et Coordination,SCCOM
CFAV Benslimane,SCCOM
Cellule Audiovisuelle Sala EL Jadida,SCCOM
Secretariat et Personnel,Secretariat et Coordination
Cellule Soutien,Secretariat et Coordination
Comptabilite,Cellule Soutien
Parc Auto,Cellule Soutien
Service General,Cellule Soutien
